Date,Day,Tier
1/5/24,Friday,T7-T9
1/6/24,Saturday,T7-T9
1/7/24,Sunday,T4-T6
1/8/24,Monday,T4-T6
1/9/24,Tuesday,T4-T6
1/10/24,Wednesday,T1-T3
1/11/24,Thursday,T1-T3
1/12/24,Friday,T7-T9
1/13/24,Saturday,T7-T9
1/14/24,Sunday,T7-T9
1/15/24,Monday,T1-T3
1/16/24,Tuesday,T1-T3
1/17/24,Wednesday,T1-T3
1/18/24,Thursday,T4-T6
1/19/24,Friday,T10-T12
1/20/24,Saturday,T10-T12
1/21/24,Sunday,T4-T6
1/22/24,Monday,T4-T6
1/23/24,Tuesday,T4-T6
1/24/24,Wednesday,T1-T3
1/25/24,Thursday,T1-T3
1/26/24,Friday,T7-T9
1/27/24,Saturday,T7-T9
1/28/24,Sunday,T4-T6
1/29/24,Monday,T4-T6
1/30/24,Tuesday,T4-T6
1/31/24,Wednesday,T1-T3
2/1/24,Thursday,T1-T3
2/2/24,Friday,T10-T12
2/3/24,Saturday,T10-T12
2/4/24,Sunday,T4-T6
2/5/24,Monday,T1-T3
2/6/24,Tuesday,T1-T3
2/7/24,Wednesday,T1-T3
2/8/24,Thursday,T4-T6
2/9/24,Friday,T13-T15
2/10/24,Saturday,T13-T15
2/11/24,Sunday,T4-T6
2/12/24,Monday,T1-T3
2/13/24,Tuesday,T1-T3
2/14/24,Wednesday,T4-T6
2/15/24,Thursday,T7-T9
2/16/24,Friday,T13-T15
2/17/24,Saturday,T13-T15
2/18/24,Sunday,T7-T9
2/19/24,Monday,T1-T3
2/20/24,Tuesday,T1-T3
2/21/24,Wednesday,T1-T3
2/22/24,Thursday,T4-T6
2/23/24,Friday,T7-T9
2/24/24,Saturday,T7-T9
2/25/24,Sunday,T4-T6
2/26/24,Monday,T1-T3
2/27/24,Tuesday,T4-T6
2/28/24,Wednesday,T4-T6
2/29/24,Thursday,T4-T6
3/1/24,Friday,T10-T12
3/2/24,Saturday,T10-T12
3/3/24,Sunday,T4-T6
3/4/24,Monday,T4-T6
3/5/24,Tuesday,T4-T6
3/6/24,Wednesday,T4-T6
3/7/24,Thursday,T4-T6
3/8/24,Friday,T13-T15
3/9/24,Saturday,T13-T15
3/10/24,Sunday,T10-T12
3/11/24,Monday,T7-T9
3/12/24,Tuesday,T7-T9
3/13/24,Wednesday,T7-T9
3/14/24,Thursday,T10-T12
3/15/24,Friday,T13-T15
3/16/24,Saturday,T13-T15
3/17/24,Sunday,T4-T6
3/18/24,Monday,T7-T9
3/19/24,Tuesday,T7-T9
3/20/24,Wednesday,T7-T9
3/21/24,Thursday,T7-T9
3/22/24,Friday,T13-T15
3/23/24,Saturday,T13-T15
3/24/24,Sunday,T7-T9
3/25/24,Monday,T4-T6
3/26/24,Tuesday,T4-T6
3/27/24,Wednesday,T4-T6
3/28/24,Thursday,T7-T9
3/29/24,Friday,T10-T12
3/30/24,Saturday,T10-T12
3/31/24,Sunday,T7-T9
4/1/24,Monday,T4-T6
4/2/24,Tuesday,T7-T9
4/3/24,Wednesday,T7-T9
4/4/24,Thursday,T7-T9
4/5/24,Friday,T13-T15
4/6/24,Saturday,T13-T15
4/7/24,Sunday,T7-T9
4/8/24,Monday,T4-T6
4/9/24,Tuesday,T4-T6
4/10/24,Wednesday,T4-T6
4/11/24,Thursday,T7-T9
4/12/24,Friday,T13-T15
4/13/24,Saturday,T13-T15
4/14/24,Sunday,T4-T6
4/15/24,Monday,T4-T6
4/16/24,Tuesday,T4-T6
4/17/24,Wednesday,T4-T6
4/18/24,Thursday,T1-T3
4/19/24,Friday,T10-T12
4/20/24,Saturday,T10-T12
4/21/24,Sunday,T4-T6
4/22/24,Monday,T4-T6
4/23/24,Tuesday,T4-T6
4/24/24,Wednesday,T4-T6
4/25/24,Thursday,T4-T6
4/26/24,Friday,T13-T15
4/27/24,Saturday,T13-T15
4/28/24,Sunday,T4-T6
4/29/24,Monday,T4-T6
4/30/24,Tuesday,T4-T6
5/1/24,Wednesday,T1-T3
5/2/24,Thursday,T4-T6
5/3/24,Friday,T7-T9
5/4/24,Saturday,T7-T9
5/5/24,Sunday,T4-T6
5/6/24,Monday,T1-T3
5/7/24,Tuesday,T1-T3
5/8/24,Wednesday,T1-T3
5/9/24,Thursday,T1-T3
5/10/24,Friday,T10-T12
5/11/24,Saturday,T10-T12
5/12/24,Sunday,T1-T3
5/13/24,Monday,T1-T3
5/14/24,Tuesday,T4-T6
5/15/24,Wednesday,T4-T6
5/16/24,Thursday,T1-T3
5/17/24,Friday,T7-T9
5/18/24,Saturday,T7-T9
5/19/24,Sunday,T1-T3
5/20/24,Monday,T4-T6
5/21/24,Tuesday,T4-T6
5/22/24,Wednesday,T4-T6
5/23/24,Thursday,T4-T6
5/24/24,Friday,T10-T12
5/25/24,Saturday,T10-T12
5/26/24,Sunday,T10-T12
5/27/24,Monday,T4-T6
5/28/24,Tuesday,T4-T6
5/29/24,Wednesday,T4-T6
5/30/24,Thursday,T4-T6
5/31/24,Friday,T7-T9
6/1/24,Saturday,T7-T9
6/2/24,Sunday,T4-T6
6/3/24,Monday,T4-T6
6/4/24,Tuesday,T4-T6
6/5/24,Wednesday,T1-T3
6/6/24,Thursday,T4-T6
6/7/24,Friday,T7-T9
6/8/24,Saturday,T7-T9
6/9/24,Sunday,T4-T6
6/10/24,Monday,T4-T6
6/11/24,Tuesday,T4-T6
6/12/24,Wednesday,T4-T6
6/13/24,Thursday,T7-T9
6/14/24,Friday,T10-T12
6/15/24,Saturday,T10-T12
6/16/24,Sunday,T4-T6
6/17/24,Monday,T4-T6
6/18/24,Tuesday,T4-T6
6/19/24,Wednesday,T4-T6
6/20/24,Thursday,T7-T9
6/21/24,Friday,T7-T9
6/22/24,Saturday,T7-T9
6/23/24,Sunday,T1-T3
6/24/24,Monday,T1-T3
6/25/24,Tuesday,T1-T3
6/26/24,Wednesday,T4-T6
6/27/24,Thursday,T4-T6
6/28/24,Friday,T7-T9
6/29/24,Saturday,T7-T9
6/30/24,Sunday,T7-T9
7/1/24,Monday,T4-T6
7/2/24,Tuesday,T4-T6
7/3/24,Wednesday,T4-T6
7/4/24,Thursday,T10-T12
7/5/24,Friday,T10-T12
7/6/24,Saturday,T10-T12
7/7/24,Sunday,T4-T6
7/8/24,Monday,T4-T6
7/9/24,Tuesday,T4-T6
7/10/24,Wednesday,T4-T6
7/11/24,Thursday,T1-T3
7/12/24,Friday,T4-T6
7/13/24,Saturday,T4-T6
7/14/24,Sunday,T1-T3
7/15/24,Monday,T1-T3
7/16/24,Tuesday,T1-T3
7/17/24,Wednesday,T4-T6
7/18/24,Thursday,T4-T6
7/19/24,Friday,T7-T9
7/20/24,Saturday,T7-T9
7/21/24,Sunday,T4-T6
7/22/24,Monday,T4-T6
7/23/24,Tuesday,T4-T6
7/24/24,Wednesday,T4-T6
7/25/24,Thursday,T1-T3
7/26/24,Friday,T10-T12
7/27/24,Saturday,T10-T12
7/28/24,Sunday,T1-T3
7/29/24,Monday,T1-T3
7/30/24,Tuesday,T1-T3
7/31/24,Wednesday,T1-T3
8/1/24,Thursday,T1-T3
8/2/24,Friday,T4-T6
8/3/24,Saturday,T4-T6
8/4/24,Sunday,T1-T3
8/5/24,Monday,T1-T3
8/6/24,Tuesday,T1-T3
8/7/24,Wednesday,T1-T3
8/8/24,Thursday,T4-T6
8/9/24,Friday,T4-T6
8/10/24,Saturday,T4-T6
8/11/24,Sunday,T4-T6
8/12/24,Monday,T4-T6
8/13/24,Tuesday,T4-T6
8/14/24,Wednesday,T1-T3
8/15/24,Thursday,T1-T3
8/16/24,Friday,T7-T9
8/17/24,Saturday,T7-T9
8/18/24,Sunday,T1-T3
8/19/24,Monday,T4-T6
8/20/24,Tuesday,T4-T6
8/21/24,Wednesday,T1-T3
8/22/24,Thursday,T1-T3
8/23/24,Friday,T7-T9
8/24/24,Saturday,T7-T9
8/25/24,Sunday,T1-T3
8/26/24,Monday,T4-T6
8/27/24,Tuesday,T4-T6
8/28/24,Wednesday,T1-T3
8/29/24,Thursday,T4-T6
8/30/24,Friday,T7-T9
8/31/24,Saturday,T13-T15
9/1/24,Sunday,T10-T12
9/2/24,Monday,T7-T9
9/3/24,Tuesday,T7-T9
9/4/24,Wednesday,T4-T6
9/5/24,Thursday,T1-T3
9/6/24,Friday,T7-T9
9/7/24,Saturday,T13-T15
9/8/24,Sunday,T7-T9
9/9/24,Monday,T7-T9
9/10/24,Tuesday,T7-T9
9/11/24,Wednesday,T7-T9
9/12/24,Thursday,T4-T6
9/13/24,Friday,T10-T12
9/14/24,Saturday,T10-T12
9/15/24,Sunday,T7-T9
9/16/24,Monday,T4-T6
9/17/24,Tuesday,T4-T6
9/18/24,Wednesday,T4-T6
9/19/24,Thursday,T7-T9
9/20/24,Friday,T10-T12
9/21/24,Saturday,T10-T12
9/22/24,Sunday,T7-T9
9/23/24,Monday,T7-T9
9/24/24,Tuesday,T7-T9
9/25/24,Wednesday,T7-T9
9/26/24,Thursday,T4-T6
9/27/24,Friday,T10-T12
9/28/24,Saturday,T10-T12
9/29/24,Sunday,T7-T9
9/30/24,Monday,T7-T9
10/1/24,Tuesday,T7-T9
10/2/24,Wednesday,T7-T9
10/3/24,Thursday,T7-T9
10/4/24,Friday,T13-T15
10/5/24,Saturday,T13-T15
10/6/24,Sunday,T7-T9
10/7/24,Monday,T7-T9
10/8/24,Tuesday,T7-T9
10/9/24,Wednesday,T4-T6
10/10/24,Thursday,T7-T9
10/11/24,Friday,T13-T15
10/12/24,Saturday,T13-T15
10/13/24,Sunday,T10-T12
10/14/24,Monday,T7-T9
10/15/24,Tuesday,T7-T9
10/16/24,Wednesday,T7-T9
10/17/24,Thursday,T10-T12
10/18/24,Friday,T13-T15
10/19/24,Saturday,T13-T15
10/20/24,Sunday,T7-T9
10/21/24,Monday,T10-T12
10/22/24,Tuesday,T7-T9
10/23/24,Wednesday,T7-T9
10/24/24,Thursday,T4-T6
10/25/24,Friday,T13-T15
10/26/24,Saturday,T13-T15
10/27/24,Sunday,T7-T9
10/28/24,Monday,T7-T9
10/29/24,Tuesday,T7-T9
10/30/24,Wednesday,T4-T6
10/31/24,Thursday,T4-T6
11/1/24,Friday,T10-T12
11/2/24,Saturday,T10-T12
11/3/24,Sunday,T7-T9
11/4/24,Monday,T7-T9
11/5/24,Tuesday,T7-T9
11/6/24,Wednesday,T7-T9
11/7/24,Thursday,T7-T9
11/8/24,Friday,T13-T15
11/9/24,Saturday,T13-T15
11/10/24,Sunday,T4-T6
11/11/24,Monday,T4-T6
11/12/24,Tuesday,T4-T6
11/13/24,Wednesday,T4-T6
11/14/24,Thursday,T7-T9
11/15/24,Friday,T13-T15
11/16/24,Saturday,T13-T15
11/17/24,Sunday,T7-T9
11/18/24,Monday,T7-T9
11/19/24,Tuesday,T7-T9
11/20/24,Wednesday,T7-T9
11/21/24,Thursday,T4-T6
11/22/24,Friday,T10-T12
11/23/24,Saturday,T10-T12
11/24/24,Sunday,T7-T9
11/25/24,Monday,T10-T12
11/26/24,Tuesday,T10-T12
11/27/24,Wednesday,T10-T12
11/28/24,Thursday,T10-T12
11/29/24,Friday,T10-T12
11/30/24,Saturday,T10-T12
12/1/24,Sunday,T4-T6
12/2/24,Monday,T4-T6
12/3/24,Tuesday,T4-T6
12/4/24,Wednesday,T4-T6
12/5/24,Thursday,T4-T6
12/6/24,Friday,T10-T12
12/7/24,Saturday,T10-T12
12/8/24,Sunday,T4-T6
12/9/24,Monday,T4-T6
12/10/24,Tuesday,T4-T6
12/11/24,Wednesday,T4-T6
12/12/24,Thursday,T4-T6
12/13/24,Friday,T10-T12
12/14/24,Saturday,T10-T12
12/15/24,Sunday,T4-T6
12/16/24,Monday,T7-T9
12/17/24,Tuesday,T7-T9
12/18/24,Wednesday,T7-T9
12/19/24,Thursday,T4-T6
12/20/24,Friday,T10-T12
12/21/24,Saturday,T10-T12
12/22/24,Sunday,T7-T9
12/23/24,Monday,T10-T12
12/24/24,Tuesday,T7-T9
12/25/24,Wednesday,T7-T9
12/26/24,Thursday,T7-T9
12/27/24,Friday,T7-T9
12/28/24,Saturday,T7-T9
12/29/24,Sunday,T10-T12
12/30/24,Monday,T13-T15
12/31/24,Tuesday,T10-T12
1/1/25,Wednesday,T7-T9
1/2/25,Thursday,T7-T9
1/3/25,Friday,T7-T9
1/4/25,Saturday,T7-T9
1/5/25,Sunday,T7-T9
1/6/25,Monday,#N/A
1/7/25,Tuesday,#N/A
1/8/25,Wednesday,#N/A
1/9/25,Thursday,T1-T3
1/10/25,Friday,T7-T9
1/11/25,Saturday,T7-T9
1/12/25,Sunday,T1-T3
1/13/25,Monday,T4-T6
1/14/25,Tuesday,T4-T6
1/15/25,Wednesday,T4-T6
1/16/25,Thursday,T4-T6
1/17/25,Friday,T10-T12
1/18/25,Saturday,T10-T12
1/19/25,Sunday,T4-T6
1/20/25,Monday,T1-T3
1/21/25,Tuesday,T1-T3
1/22/25,Wednesday,T1-T3
1/23/25,Thursday,T1-T3
1/24/25,Friday,T7-T9
1/25/25,Saturday,T7-T9
1/26/25,Sunday,T1-T3
1/27/25,Monday,T4-T6
1/28/25,Tuesday,T4-T6
1/29/25,Wednesday,T4-T6
1/30/25,Thursday,#N/A
1/31/25,Friday,#N/A
2/1/25,Saturday,#N/A
2/2/25,Sunday,#N/A
2/3/25,Monday,T1-T3
2/4/25,Tuesday,T1-T3
2/5/25,Wednesday,T1-T3
2/6/25,Thursday,T1-T3
2/7/25,Friday,T10-T12
2/8/25,Saturday,T10-T12
2/9/25,Sunday,T1-T3
2/10/25,Monday,T1-T3
2/11/25,Tuesday,T1-T3
2/12/25,Wednesday,T1-T3
2/13/25,Thursday,T4-T6
2/14/25,Friday,T13-T15
2/15/25,Saturday,T13-T15
2/16/25,Sunday,T4-T6
2/17/25,Monday,T1-T3
2/18/25,Tuesday,T1-T3
2/19/25,Wednesday,T1-T3
2/20/25,Thursday,T7-T9
2/21/25,Friday,T13-T15
2/22/25,Saturday,T13-T15
2/23/25,Sunday,T7-T9
2/24/25,Monday,T1-T3
2/25/25,Tuesday,T1-T3
2/26/25,Wednesday,T1-T3
2/27/25,Thursday,T4-T6
2/28/25,Friday,T7-T9
3/1/25,Saturday,T7-T9
3/2/25,Sunday,T4-T6
3/3/25,Monday,T4-T6
3/4/25,Tuesday,T4-T6
3/5/25,Wednesday,T4-T6
3/6/25,Thursday,T4-T6
3/7/25,Friday,T10-T12
3/8/25,Saturday,T10-T12
3/9/25,Sunday,T4-T6
3/10/25,Monday,T7-T9
3/11/25,Tuesday,T7-T9
3/12/25,Wednesday,T7-T9
3/13/25,Thursday,T10-T12
3/14/25,Friday,T13-T15
3/15/25,Saturday,T13-T15
3/16/25,Sunday,T10-T12
3/17/25,Monday,T7-T9
3/18/25,Tuesday,T7-T9
3/19/25,Wednesday,T7-T9
3/20/25,Thursday,T7-T9
3/21/25,Friday,T13-T15
3/22/25,Saturday,T13-T15
3/23/25,Sunday,T7-T9
3/24/25,Monday,T4-T6
3/25/25,Tuesday,T4-T6
3/26/25,Wednesday,T4-T6
3/27/25,Thursday,T7-T9
3/28/25,Friday,T13-T15
3/29/25,Saturday,T13-T15
3/30/25,Sunday,T7-T9
3/31/25,Monday,T7-T9
4/1/25,Tuesday,T7-T9
4/2/25,Wednesday,T7-T9
4/3/25,Thursday,T7-T9
4/4/25,Friday,T13-T15
4/5/25,Saturday,T13-T15
4/6/25,Sunday,T7-T9
4/7/25,Monday,T4-T6
4/8/25,Tuesday,T4-T6
4/9/25,Wednesday,T4-T6
4/10/25,Thursday,T7-T9
4/11/25,Friday,T13-T15
4/12/25,Saturday,T13-T15
4/13/25,Sunday,T7-T9
4/14/25,Monday,T4-T6
4/15/25,Tuesday,T4-T6
4/16/25,Wednesday,T4-T6
4/17/25,Thursday,T1-T3
4/18/25,Friday,T10-T12
4/19/25,Saturday,T10-T12
4/20/25,Sunday,T1-T3
4/21/25,Monday,T4-T6
4/22/25,Tuesday,T4-T6
4/23/25,Wednesday,T4-T6
4/24/25,Thursday,T4-T6
4/25/25,Friday,T13-T15
4/26/25,Saturday,T13-T15
4/27/25,Sunday,T4-T6
4/28/25,Monday,T4-T6
4/29/25,Tuesday,T4-T6
4/30/25,Wednesday,T4-T6
5/1/25,Thursday,T4-T6
5/2/25,Friday,T7-T9
5/3/25,Saturday,T7-T9
5/4/25,Sunday,T4-T6
5/5/25,Monday,T1-T3
5/6/25,Tuesday,T1-T3
5/7/25,Wednesday,T1-T3
5/8/25,Thursday,T1-T3
5/9/25,Friday,T10-T12
5/10/25,Saturday,T10-T12
5/11/25,Sunday,T1-T3
5/12/25,Monday,T1-T3
5/13/25,Tuesday,T1-T3
5/14/25,Wednesday,T1-T3
5/15/25,Thursday,T1-T3
5/16/25,Friday,T7-T9
5/17/25,Saturday,T7-T9
5/18/25,Sunday,T1-T3
5/19/25,Monday,T4-T6
5/20/25,Tuesday,T4-T6
5/21/25,Wednesday,T4-T6
5/22/25,Thursday,T4-T6
5/23/25,Friday,T10-T12
5/24/25,Saturday,T10-T12
5/25/25,Sunday,T4-T6
5/26/25,Monday,T4-T6
5/27/25,Tuesday,T4-T6
5/28/25,Wednesday,T4-T6
5/29/25,Thursday,T4-T6
5/30/25,Friday,T7-T9
5/31/25,Saturday,T7-T9
6/1/25,Sunday,T4-T6
6/2/25,Monday,T4-T6
6/3/25,Tuesday,T4-T6
6/4/25,Wednesday,T4-T6
6/5/25,Thursday,T4-T6
6/6/25,Friday,T7-T9
6/7/25,Saturday,T7-T9
6/8/25,Sunday,T4-T6
6/9/25,Monday,T4-T6
6/10/25,Tuesday,T4-T6
6/11/25,Wednesday,T4-T6
6/12/25,Thursday,T7-T9
6/13/25,Friday,T10-T12
6/14/25,Saturday,T10-T12
6/15/25,Sunday,T7-T9
6/16/25,Monday,T4-T6
6/17/25,Tuesday,T4-T6
6/18/25,Wednesday,T4-T6
6/19/25,Thursday,T7-T9
6/20/25,Friday,T7-T9
6/21/25,Saturday,T7-T9
6/22/25,Sunday,T7-T9
6/23/25,Monday,T1-T3
6/24/25,Tuesday,T1-T3
6/25/25,Wednesday,T1-T3
6/26/25,Thursday,T4-T6
6/27/25,Friday,T7-T9
6/28/25,Saturday,T7-T9
6/29/25,Sunday,T4-T6
6/30/25,Monday,T4-T6
7/1/25,Tuesday,T4-T6
7/2/25,Wednesday,T4-T6
7/3/25,Thursday,T10-T12
7/4/25,Friday,T10-T12
7/5/25,Saturday,T10-T12
7/6/25,Sunday,T10-T12
7/7/25,Monday,T4-T6
7/8/25,Tuesday,T4-T6
7/9/25,Wednesday,T4-T6
7/10/25,Thursday,T1-T3
7/11/25,Friday,T4-T6
7/12/25,Saturday,T4-T6
7/13/25,Sunday,T1-T3
7/14/25,Monday,T4-T6
7/15/25,Tuesday,T4-T6
7/16/25,Wednesday,T4-T6
7/17/25,Thursday,T4-T6
7/18/25,Friday,T7-T9
7/19/25,Saturday,T7-T9
7/20/25,Sunday,T4-T6
7/21/25,Monday,T1-T3
7/22/25,Tuesday,T1-T3
7/23/25,Wednesday,T1-T3
7/24/25,Thursday,T1-T3
7/25/25,Friday,T10-T12
7/26/25,Saturday,T10-T12
7/27/25,Sunday,T1-T3
7/28/25,Monday,T4-T6
7/29/25,Tuesday,T4-T6
7/30/25,Wednesday,T4-T6
7/31/25,Thursday,T4-T6
8/1/25,Friday,T4-T6
8/2/25,Saturday,T4-T6
8/3/25,Sunday,T4-T6
8/4/25,Monday,T1-T3
8/5/25,Tuesday,T1-T3
8/6/25,Wednesday,T1-T3
8/7/25,Thursday,T1-T3
8/8/25,Friday,T4-T6
8/9/25,Saturday,T4-T6
8/10/25,Sunday,T1-T3
8/11/25,Monday,T4-T6
8/12/25,Tuesday,T4-T6
8/13/25,Wednesday,T4-T6
8/14/25,Thursday,T4-T6
8/15/25,Friday,T7-T9
8/16/25,Saturday,T7-T9
8/17/25,Sunday,T4-T6
8/18/25,Monday,T4-T6
8/19/25,Tuesday,T4-T6
8/20/25,Wednesday,T4-T6
8/21/25,Thursday,T1-T3
8/22/25,Friday,T7-T9
8/23/25,Saturday,T7-T9
8/24/25,Sunday,T1-T3
8/25/25,Monday,T4-T6
8/26/25,Tuesday,T4-T6
8/27/25,Wednesday,T4-T6
8/28/25,Thursday,T1-T3
8/29/25,Friday,T7-T9
8/30/25,Saturday,T7-T9
8/31/25,Sunday,T1-T3
9/1/25,Monday,T7-T9
9/2/25,Tuesday,T7-T9
9/3/25,Wednesday,T7-T9
9/4/25,Thursday,T1-T3
9/5/25,Friday,T7-T9
9/6/25,Saturday,T7-T9
9/7/25,Sunday,T1-T3
9/8/25,Monday,T7-T9
9/9/25,Tuesday,T7-T9
9/10/25,Wednesday,T7-T9
9/11/25,Thursday,T4-T6
9/12/25,Friday,T10-T12
9/13/25,Saturday,T10-T12
9/14/25,Sunday,T4-T6
9/15/25,Monday,T4-T6
9/16/25,Tuesday,T4-T6
9/17/25,Wednesday,T4-T6
9/18/25,Thursday,T7-T9
9/19/25,Friday,T10-T12
9/20/25,Saturday,T10-T12
9/21/25,Sunday,T7-T9
9/22/25,Monday,T7-T9
9/23/25,Tuesday,T7-T9
9/24/25,Wednesday,T7-T9
9/25/25,Thursday,T4-T6
9/26/25,Friday,T10-T12
9/27/25,Saturday,T10-T12
9/28/25,Sunday,T4-T6
9/29/25,Monday,T7-T9
9/30/25,Tuesday,T7-T9
10/1/25,Wednesday,T7-T9
10/2/25,Thursday,T7-T9
10/3/25,Friday,T13-T15
10/4/25,Saturday,T13-T15
10/5/25,Sunday,T7-T9
10/6/25,Monday,T7-T9
10/7/25,Tuesday,T7-T9
10/8/25,Wednesday,T7-T9
10/9/25,Thursday,T7-T9
10/10/25,Friday,T13-T15
10/11/25,Saturday,T13-T15
10/12/25,Sunday,T7-T9
10/13/25,Monday,T7-T9
10/14/25,Tuesday,T7-T9
10/15/25,Wednesday,T7-T9
10/16/25,Thursday,T10-T12
10/17/25,Friday,T13-T15
10/18/25,Saturday,T13-T15
10/19/25,Sunday,T10-T12
10/20/25,Monday,T10-T12
10/21/25,Tuesday,T10-T12
10/22/25,Wednesday,T10-T12
10/23/25,Thursday,T4-T6
10/24/25,Friday,T13-T15
10/25/25,Saturday,T13-T15
10/26/25,Sunday,T4-T6
10/27/25,Monday,T7-T9
10/28/25,Tuesday,T7-T9
10/29/25,Wednesday,T7-T9
10/30/25,Thursday,T4-T6
10/31/25,Friday,T7-T9
11/1/25,Saturday,T7-T9
11/2/25,Sunday,T4-T6
11/3/25,Monday,T7-T9
11/4/25,Tuesday,T7-T9
11/5/25,Wednesday,T7-T9
11/6/25,Thursday,T7-T9
11/7/25,Friday,T10-T12
11/8/25,Saturday,T10-T12
11/9/25,Sunday,T7-T9
11/10/25,Monday,T4-T6
11/11/25,Tuesday,T4-T6
11/12/25,Wednesday,T4-T6
11/13/25,Thursday,T7-T9
11/14/25,Friday,T13-T15
11/15/25,Saturday,T13-T15
11/16/25,Sunday,T7-T9
11/17/25,Monday,T7-T9
11/18/25,Tuesday,T7-T9
11/19/25,Wednesday,T7-T9
11/20/25,Thursday,T4-T6
11/21/25,Friday,T13-T15
11/22/25,Saturday,T13-T15
11/23/25,Sunday,T4-T6
11/24/25,Monday,T10-T12
11/25/25,Tuesday,T10-T12
11/26/25,Wednesday,T10-T12
11/27/25,Thursday,T10-T12
11/28/25,Friday,T10-T12
11/29/25,Saturday,T10-T12
11/30/25,Sunday,T10-T12
12/1/25,Monday,T4-T6
12/2/25,Tuesday,T4-T6
12/3/25,Wednesday,T4-T6
12/4/25,Thursday,T4-T6
12/5/25,Friday,T10-T12
12/6/25,Saturday,T10-T12
12/7/25,Sunday,T4-T6
12/8/25,Monday,T4-T6
12/9/25,Tuesday,T4-T6
12/10/25,Wednesday,T4-T6
12/11/25,Thursday,T4-T6
12/12/25,Friday,T10-T12
12/13/25,Saturday,T10-T12
12/14/25,Sunday,T4-T6
12/15/25,Monday,T7-T9
12/16/25,Tuesday,T7-T9
12/17/25,Wednesday,T7-T9
12/18/25,Thursday,T4-T6
12/19/25,Friday,T10-T12
12/20/25,Saturday,T10-T12
12/21/25,Sunday,T4-T6
12/22/25,Monday,T10-T12
12/23/25,Tuesday,T10-T12
12/24/25,Wednesday,T10-T12
12/25/25,Thursday,T7-T9
12/26/25,Friday,T7-T9
12/27/25,Saturday,T7-T9
12/28/25,Sunday,T7-T9
12/29/25,Monday,T13-T15
12/30/25,Tuesday,T13-T15
12/31/25,Wednesday,T13-T15
1/1/26,Thursday,T7-T9
1/2/26,Friday,T7-T9
1/3/26,Saturday,T7-T9
1/4/26,Sunday,T7-T9
1/5/26,Monday,T1-T3
1/6/26,Tuesday,T1-T3
1/7/26,Wednesday,T1-T3
1/8/26,Thursday,T1-T3
1/9/26,Friday,T7-T9
1/10/26,Saturday,T7-T9
1/11/26,Sunday,T1-T3
1/12/26,Monday,T4-T6
1/13/26,Tuesday,T4-T6
1/14/26,Wednesday,T4-T6
1/15/26,Thursday,T4-T6
1/16/26,Friday,T10-T12
1/17/26,Saturday,T10-T12
1/18/26,Sunday,T4-T6
1/19/26,Monday,T1-T3
1/20/26,Tuesday,T1-T3
1/21/26,Wednesday,T1-T3
1/22/26,Thursday,T1-T3
1/23/26,Friday,T7-T9
1/24/26,Saturday,T7-T9
1/25/26,Sunday,T1-T3
1/26/26,Monday,T4-T6
1/27/26,Tuesday,T4-T6
1/28/26,Wednesday,T4-T6
1/29/26,Thursday,T4-T6
1/30/26,Friday,T7-T9
1/31/26,Saturday,T7-T9
2/1/26,Sunday,T4-T6
2/2/26,Monday,T1-T3
2/3/26,Tuesday,T1-T3
2/4/26,Wednesday,T1-T3
2/5/26,Thursday,T1-T3
2/6/26,Friday,T10-T12
2/7/26,Saturday,T10-T12
2/8/26,Sunday,T1-T3
2/9/26,Monday,T1-T3
2/10/26,Tuesday,T1-T3
2/11/26,Wednesday,T1-T3
2/12/26,Thursday,T4-T6
2/13/26,Friday,T13-T15
2/14/26,Saturday,T13-T15
2/15/26,Sunday,T4-T6
2/16/26,Monday,T1-T3
2/17/26,Tuesday,T1-T3
2/18/26,Wednesday,T1-T3
2/19/26,Thursday,T7-T9
2/20/26,Friday,T13-T15
2/21/26,Saturday,T13-T15
2/22/26,Sunday,T7-T9
2/23/26,Monday,T1-T3
2/24/26,Tuesday,T1-T3
2/25/26,Wednesday,T1-T3
2/26/26,Thursday,T4-T6
2/27/26,Friday,T7-T9
2/28/26,Saturday,T7-T9
3/1/26,Sunday,T4-T6
3/2/26,Monday,T4-T6
3/3/26,Tuesday,T4-T6
3/4/26,Wednesday,T4-T6
3/5/26,Thursday,T4-T6
3/6/26,Friday,T10-T12
3/7/26,Saturday,T10-T12
3/8/26,Sunday,T4-T6
3/9/26,Monday,T7-T9
3/10/26,Tuesday,T7-T9
3/11/26,Wednesday,T7-T9
3/12/26,Thursday,T10-T12
3/13/26,Friday,T13-T15
3/14/26,Saturday,T13-T15
3/15/26,Sunday,T10-T12
3/16/26,Monday,T7-T9
3/17/26,Tuesday,T7-T9
3/18/26,Wednesday,T7-T9
3/19/26,Thursday,T7-T9
3/20/26,Friday,T13-T15
3/21/26,Saturday,T13-T15
3/22/26,Sunday,T7-T9
3/23/26,Monday,T4-T6
3/24/26,Tuesday,T4-T6
3/25/26,Wednesday,T4-T6
3/26/26,Thursday,T7-T9
3/27/26,Friday,T13-T15
3/28/26,Saturday,T13-T15
3/29/26,Sunday,T7-T9
3/30/26,Monday,T4-T6
3/31/26,Tuesday,T4-T6
4/1/26,Wednesday,T4-T6
4/2/26,Thursday,T7-T9
4/3/26,Friday,T13-T15
4/4/26,Saturday,T13-T15
4/5/26,Sunday,T7-T9
4/6/26,Monday,T4-T6
4/7/26,Tuesday,T4-T6
4/8/26,Wednesday,T4-T6
4/9/26,Thursday,T7-T9
4/10/26,Friday,T13-T15
4/11/26,Saturday,T13-T15
4/12/26,Sunday,T7-T9
4/13/26,Monday,T4-T6
4/14/26,Tuesday,T4-T6
4/15/26,Wednesday,T4-T6
4/16/26,Thursday,T1-T3
4/17/26,Friday,T10-T12
4/18/26,Saturday,T10-T12
4/19/26,Sunday,T1-T3
4/20/26,Monday,T4-T6
4/21/26,Tuesday,T4-T6
4/22/26,Wednesday,T4-T6
4/23/26,Thursday,T4-T6
4/24/26,Friday,T13-T15
4/25/26,Saturday,T13-T15
4/26/26,Sunday,T4-T6
4/27/26,Monday,T4-T6
4/28/26,Tuesday,T4-T6
4/29/26,Wednesday,T4-T6
4/30/26,Thursday,T4-T6
5/1/26,Friday,T7-T9
5/2/26,Saturday,T7-T9
5/3/26,Sunday,T4-T6
5/4/26,Monday,T1-T3
5/5/26,Tuesday,T1-T3
5/6/26,Wednesday,T1-T3
5/7/26,Thursday,T4-T6
5/8/26,Friday,T10-T12
5/9/26,Saturday,T10-T12
5/10/26,Sunday,T4-T6
5/11/26,Monday,T1-T3
5/12/26,Tuesday,T1-T3
5/13/26,Wednesday,T1-T3
5/14/26,Thursday,T1-T3
5/15/26,Friday,T7-T9
5/16/26,Saturday,T7-T9
5/17/26,Sunday,T1-T3
5/18/26,Monday,T4-T6
5/19/26,Tuesday,T4-T6
5/20/26,Wednesday,T4-T6
5/21/26,Thursday,T1-T3
5/22/26,Friday,T10-T12
5/23/26,Saturday,T10-T12
5/24/26,Sunday,T1-T3
5/25/26,Monday,T4-T6
5/26/26,Tuesday,T4-T6
5/27/26,Wednesday,T4-T6
5/28/26,Thursday,T4-T6
5/29/26,Friday,T7-T9
5/30/26,Saturday,T7-T9
5/31/26,Sunday,T4-T6
6/1/26,Monday,T4-T6
6/2/26,Tuesday,T4-T6
6/3/26,Wednesday,T4-T6
6/4/26,Thursday,T4-T6
6/5/26,Friday,T7-T9
6/6/26,Saturday,T7-T9
6/7/26,Sunday,T4-T6
6/8/26,Monday,T4-T6
6/9/26,Tuesday,T4-T6
6/10/26,Wednesday,T4-T6
6/11/26,Thursday,T7-T9
6/12/26,Friday,T10-T12
6/13/26,Saturday,T10-T12
6/14/26,Sunday,T7-T9
6/15/26,Monday,T4-T6
6/16/26,Tuesday,T4-T6
6/17/26,Wednesday,T4-T6
6/18/26,Thursday,T7-T9
6/19/26,Friday,T7-T9
6/20/26,Saturday,T7-T9
6/21/26,Sunday,T7-T9
6/22/26,Monday,T1-T3
6/23/26,Tuesday,T1-T3
6/24/26,Wednesday,T1-T3
6/25/26,Thursday,T4-T6
6/26/26,Friday,T7-T9
6/27/26,Saturday,T7-T9
6/28/26,Sunday,T4-T6
6/29/26,Monday,T1-T3
6/30/26,Tuesday,T1-T3
7/1/26,Wednesday,T1-T3
7/2/26,Thursday,T10-T12
7/3/26,Friday,T10-T12
7/4/26,Saturday,T10-T12
7/5/26,Sunday,T10-T12
7/6/26,Monday,T4-T6
7/7/26,Tuesday,T4-T6
7/8/26,Wednesday,T4-T6
7/9/26,Thursday,T1-T3
7/10/26,Friday,T4-T6
7/11/26,Saturday,T4-T6
7/12/26,Sunday,T1-T3
7/13/26,Monday,T4-T6
7/14/26,Tuesday,T4-T6
7/15/26,Wednesday,T4-T6
7/16/26,Thursday,T4-T6
7/17/26,Friday,T7-T9
7/18/26,Saturday,T7-T9
7/19/26,Sunday,T4-T6
7/20/26,Monday,T1-T3
7/21/26,Tuesday,T1-T3
7/22/26,Wednesday,T1-T3
7/23/26,Thursday,T1-T3
7/24/26,Friday,T10-T12
7/25/26,Saturday,T10-T12
7/26/26,Sunday,T1-T3
7/27/26,Monday,T4-T6
7/28/26,Tuesday,T4-T6
7/29/26,Wednesday,T4-T6
7/30/26,Thursday,T1-T3
7/31/26,Friday,T10-T12
8/1/26,Saturday,T10-T12
8/2/26,Sunday,T1-T3
8/3/26,Monday,T1-T3
8/4/26,Tuesday,T1-T3
8/5/26,Wednesday,T1-T3
8/6/26,Thursday,T1-T3
8/7/26,Friday,T4-T6
8/8/26,Saturday,T4-T6
8/9/26,Sunday,T1-T3
8/10/26,Monday,T4-T6
8/11/26,Tuesday,T4-T6
8/12/26,Wednesday,T4-T6
8/13/26,Thursday,T4-T6
8/14/26,Friday,T4-T6
8/15/26,Saturday,T4-T6
8/16/26,Sunday,T4-T6
8/17/26,Monday,T4-T6
8/18/26,Tuesday,T4-T6
8/19/26,Wednesday,T4-T6
8/20/26,Thursday,T1-T3
8/21/26,Friday,T7-T9
8/22/26,Saturday,T7-T9
8/23/26,Sunday,T1-T3
8/24/26,Monday,T4-T6
8/25/26,Tuesday,T4-T6
8/26/26,Wednesday,T4-T6
8/27/26,Thursday,T1-T3
8/28/26,Friday,T7-T9
8/29/26,Saturday,T7-T9
8/30/26,Sunday,T1-T3
8/31/26,Monday,T4-T6
9/1/26,Tuesday,T4-T6
9/2/26,Wednesday,T4-T6
9/3/26,Thursday,T1-T3
9/4/26,Friday,T7-T9
9/5/26,Saturday,T7-T9
9/6/26,Sunday,T1-T3
9/7/26,Monday,T7-T9
9/8/26,Tuesday,T7-T9
9/9/26,Wednesday,T7-T9
9/10/26,Thursday,T4-T6
9/11/26,Friday,T10-T12
9/12/26,Saturday,T10-T12
9/13/26,Sunday,T4-T6
9/14/26,Monday,T7-T9
9/15/26,Tuesday,T7-T9
9/16/26,Wednesday,T7-T9
9/17/26,Thursday,T7-T9
9/18/26,Friday,T10-T12
9/19/26,Saturday,T10-T12
9/20/26,Sunday,T7-T9
9/21/26,Monday,T4-T6
9/22/26,Tuesday,T4-T6
9/23/26,Wednesday,T4-T6
9/24/26,Thursday,T4-T6
9/25/26,Friday,T10-T12
9/26/26,Saturday,T10-T12
9/27/26,Sunday,T4-T6
9/28/26,Monday,T7-T9
9/29/26,Tuesday,T7-T9
9/30/26,Wednesday,T7-T9
10/1/26,Thursday,T7-T9
10/2/26,Friday,T13-T15
10/3/26,Saturday,T13-T15
10/4/26,Sunday,T7-T9
10/5/26,Monday,T7-T9
10/6/26,Tuesday,T7-T9
10/7/26,Wednesday,T7-T9
10/8/26,Thursday,T7-T9
10/9/26,Friday,T13-T15
10/10/26,Saturday,T13-T15
10/11/26,Sunday,T7-T9
10/12/26,Monday,T7-T9
10/13/26,Tuesday,T7-T9
10/14/26,Wednesday,T7-T9
10/15/26,Thursday,T10-T12
10/16/26,Friday,T13-T15
10/17/26,Saturday,T13-T15
10/18/26,Sunday,T10-T12
10/19/26,Monday,T10-T12
10/20/26,Tuesday,T10-T12
10/21/26,Wednesday,T10-T12
10/22/26,Thursday,T4-T6
10/23/26,Friday,T13-T15
10/24/26,Saturday,T13-T15
10/25/26,Sunday,T4-T6
10/26/26,Monday,T7-T9
10/27/26,Tuesday,T7-T9
10/28/26,Wednesday,T7-T9
10/29/26,Thursday,T4-T6
10/30/26,Friday,T10-T12
10/31/26,Saturday,T10-T12
11/1/26,Sunday,T4-T6
11/2/26,Monday,T7-T9
11/3/26,Tuesday,T7-T9
11/4/26,Wednesday,T7-T9
11/5/26,Thursday,T7-T9
11/6/26,Friday,T10-T12
11/7/26,Saturday,T10-T12
11/8/26,Sunday,T7-T9
11/9/26,Monday,T4-T6
11/10/26,Tuesday,T4-T6
11/11/26,Wednesday,T4-T6
11/12/26,Thursday,T7-T9
11/13/26,Friday,T13-T15
11/14/26,Saturday,T13-T15
11/15/26,Sunday,T7-T9
11/16/26,Monday,T7-T9
11/17/26,Tuesday,T7-T9
11/18/26,Wednesday,T7-T9
11/19/26,Thursday,T4-T6
11/20/26,Friday,T13-T15
11/21/26,Saturday,T13-T15
11/22/26,Sunday,T4-T6
11/23/26,Monday,T10-T12
11/24/26,Tuesday,T10-T12
11/25/26,Wednesday,T10-T12
11/26/26,Thursday,T10-T12
11/27/26,Friday,T10-T12
11/28/26,Saturday,T10-T12
11/29/26,Sunday,T10-T12
11/30/26,Monday,T4-T6
12/1/26,Tuesday,T4-T6
12/2/26,Wednesday,T4-T6
12/3/26,Thursday,T4-T6
12/4/26,Friday,T10-T12
12/5/26,Saturday,T10-T12
12/6/26,Sunday,T4-T6
12/7/26,Monday,T4-T6
12/8/26,Tuesday,T4-T6
12/9/26,Wednesday,T4-T6
12/10/26,Thursday,T4-T6
12/11/26,Friday,T10-T12
12/12/26,Saturday,T10-T12
12/13/26,Sunday,T4-T6
12/14/26,Monday,T4-T6
12/15/26,Tuesday,T4-T6
12/16/26,Wednesday,T4-T6
12/17/26,Thursday,T4-T6
12/18/26,Friday,T10-T12
12/19/26,Saturday,T10-T12
12/20/26,Sunday,T4-T6
12/21/26,Monday,T7-T9
12/22/26,Tuesday,T7-T9
12/23/26,Wednesday,T7-T9
12/24/26,Thursday,T7-T9
12/25/26,Friday,T7-T9
12/26/26,Saturday,T7-T9
12/27/26,Sunday,T7-T9
12/28/26,Monday,T10-T12
12/29/26,Tuesday,T10-T12
12/30/26,Wednesday,T10-T12
12/31/26,Thursday,T10-T12
1/1/27,Friday,T7-T9
1/2/27,Saturday,T7-T9
1/3/27,Sunday,T7-T9
1/4/27,Monday,T4-T6
1/5/27,Tuesday,T4-T6
1/6/27,Wednesday,T4-T6
1/7/27,Thursday,T7-T9
1/8/27,Friday,T7-T9
1/9/27,Saturday,T7-T9
1/10/27,Sunday,T7-T9
1/11/27,Monday,T4-T6
1/12/27,Tuesday,T4-T6
1/13/27,Wednesday,T4-T6
1/14/27,Thursday,T1-T3
1/15/27,Friday,T10-T12
1/16/27,Saturday,T10-T12
1/17/27,Sunday,T1-T3
1/18/27,Monday,T1-T3
1/19/27,Tuesday,T1-T3
1/20/27,Wednesday,T1-T3
1/21/27,Thursday,T4-T6
1/22/27,Friday,T7-T9
1/23/27,Saturday,T7-T9
1/24/27,Sunday,T4-T6